date,category,amount
2023-01-01,Rumah Tangga,1496000
2023-01-01,Makanan,539000
2023-01-01,Minuman,657000
2023-01-01,Elektronik,673000
2023-01-01,Makanan,736000
2023-01-01,Pakaian,1817000
2023-01-02,Elektronik,265000
2023-01-02,Buku,1844000
2023-01-02,Olahraga,54000
2023-01-02,Rumah Tangga,555000
2023-01-02,Rumah Tangga,1127000
2023-01-03,Rumah Tangga,281000
2023-01-03,Elektronik,1086000
2023-01-03,Elektronik,1551000
2023-01-03,Rumah Tangga,1985000
2023-01-03,Buku,560000
2023-01-03,Olahraga,691000
2023-01-03,Rumah Tangga,162000
2023-01-04,Makanan,260000
2023-01-04,Pakaian,274000
2023-01-04,Rumah Tangga,721000
2023-01-04,Makanan,283000
2023-01-04,Buku,420000
2023-01-04,Makanan,1266000
2023-01-04,Elektronik,1321000
2023-01-04,Buku,1681000
2023-01-04,Pakaian,1534000
2023-01-05,Makanan,1379000
2023-01-05,Rumah Tangga,726000
2023-01-05,Rumah Tangga,131000
2023-01-05,Elektronik,1062000
2023-01-05,Pakaian,1062000
2023-01-05,Minuman,1049000
2023-01-05,Makanan,1904000
2023-01-06,Pakaian,1288000
2023-01-06,Buku,1161000
2023-01-06,Pakaian,780000
2023-01-06,Minuman,902000
2023-01-06,Makanan,1963000
2023-01-06,Minuman,190000
2023-01-06,Minuman,822000
2023-01-06,Pakaian,717000
2023-01-07,Pakaian,1722000
2023-01-07,Olahraga,173000
2023-01-07,Olahraga,608000
2023-01-07,Minuman,1796000
2023-01-07,Minuman,1866000
2023-01-07,Rumah Tangga,1628000
2023-01-07,Rumah Tangga,1278000
2023-01-07,Buku,265000
2023-01-07,Elektronik,1010000
2023-01-08,Buku,388000
2023-01-08,Olahraga,1517000
2023-01-08,Buku,737000
2023-01-08,Olahraga,102000
2023-01-08,Rumah Tangga,1473000
2023-01-08,Rumah Tangga,1485000
2023-01-08,Pakaian,576000
2023-01-09,Olahraga,927000
2023-01-09,Minuman,830000
2023-01-09,Makanan,927000
2023-01-09,Makanan,1707000
2023-01-09,Rumah Tangga,971000
2023-01-09,Elektronik,1801000
2023-01-10,Pakaian,163000
2023-01-10,Rumah Tangga,1339000
2023-01-10,Minuman,1106000
2023-01-10,Buku,1287000
2023-01-11,Pakaian,357000
2023-01-11,Buku,1011000
2023-01-11,Elektronik,1972000
2023-01-11,Olahraga,1237000
2023-01-11,Rumah Tangga,1939000
2023-01-11,Pakaian,954000
2023-01-12,Pakaian,1166000
2023-01-12,Makanan,1470000
2023-01-12,Buku,716000
2023-01-12,Buku,1859000
2023-01-12,Elektronik,188000
2023-01-12,Rumah Tangga,1976000
2023-01-12,Olahraga,383000
2023-01-12,Makanan,930000
2023-01-12,Elektronik,211000
2023-01-12,Buku,1947000
2023-01-13,Pakaian,641000
2023-01-13,Olahraga,1719000
2023-01-13,Pakaian,1903000
2023-01-13,Makanan,640000
2023-01-14,Rumah Tangga,103000
2023-01-14,Olahraga,1919000
2023-01-14,Minuman,625000
2023-01-14,Rumah Tangga,1335000
2023-01-14,Minuman,536000
2023-01-15,Elektronik,78000
2023-01-15,Pakaian,1144000
2023-01-15,Makanan,457000
2023-01-15,Rumah Tangga,499000
2023-01-15,Buku,1927000
2023-01-15,Olahraga,1323000
2023-01-15,Makanan,949000
2023-01-15,Olahraga,1741000
2023-01-16,Pakaian,545000
2023-01-16,Pakaian,243000
2023-01-16,Minuman,696000
2023-01-16,Olahraga,682000
2023-01-16,Buku,1002000
2023-01-16,Rumah Tangga,398000
2023-01-16,Buku,1652000
2023-01-17,Buku,979000
2023-01-17,Rumah Tangga,1995000
2023-01-17,Pakaian,978000
2023-01-17,Pakaian,308000
2023-01-17,Elektronik,1020000
2023-01-17,Makanan,335000
2023-01-17,Makanan,1624000
2023-01-17,Olahraga,1429000
2023-01-17,Buku,1395000
2023-01-18,Olahraga,637000
2023-01-18,Pakaian,1338000
2023-01-18,Olahraga,1408000
2023-01-18,Minuman,495000
2023-01-19,Buku,1595000
2023-01-19,Pakaian,1255000
2023-01-19,Olahraga,118000
2023-01-20,Buku,410000
2023-01-20,Rumah Tangga,1804000
2023-01-20,Pakaian,765000
2023-01-20,Rumah Tangga,128000
2023-01-20,Pakaian,1382000
2023-01-20,Olahraga,1604000
2023-01-20,Elektronik,1646000
2023-01-20,Makanan,1205000
2023-01-20,Makanan,1523000
2023-01-21,Elektronik,974000
2023-01-21,Buku,1864000
2023-01-21,Buku,51000
2023-01-21,Rumah Tangga,1808000
2023-01-21,Olahraga,331000
2023-01-21,Pakaian,1519000
2023-01-21,Buku,1833000
2023-01-21,Minuman,1907000
2023-01-21,Minuman,406000
2023-01-22,Elektronik,668000
2023-01-22,Pakaian,1525000
2023-01-22,Rumah Tangga,686000
2023-01-23,Elektronik,1312000
2023-01-23,Makanan,735000
2023-01-23,Olahraga,1700000
2023-01-24,Buku,136000
2023-01-24,Buku,1744000
2023-01-24,Pakaian,268000
2023-01-25,Elektronik,1384000
2023-01-25,Elektronik,455000
2023-01-25,Buku,1040000
2023-01-25,Rumah Tangga,1431000
2023-01-25,Minuman,972000
2023-01-25,Pakaian,894000
2023-01-25,Elektronik,1131000
2023-01-25,Rumah Tangga,1337000
2023-01-26,Makanan,1511000
2023-01-26,Rumah Tangga,325000
2023-01-26,Buku,147000
2023-01-26,Pakaian,1644000
2023-01-26,Olahraga,957000
2023-01-26,Rumah Tangga,1797000
2023-01-26,Minuman,1158000
2023-01-26,Minuman,777000
2023-01-26,Minuman,742000
2023-01-26,Minuman,624000
2023-01-27,Buku,1960000
2023-01-27,Buku,318000
2023-01-27,Olahraga,573000
2023-01-28,Pakaian,1000000
2023-01-28,Pakaian,703000
2023-01-28,Elektronik,1728000
2023-01-28,Rumah Tangga,1755000
2023-01-28,Minuman,1269000
2023-01-28,Olahraga,1720000
2023-01-28,Olahraga,1547000
2023-01-28,Makanan,1909000
2023-01-28,Pakaian,1957000
2023-01-29,Buku,1530000
2023-01-29,Makanan,1537000
2023-01-29,Buku,1721000
2023-01-29,Buku,1723000
2023-01-29,Minuman,1265000
2023-01-29,Makanan,1648000
2023-01-29,Elektronik,930000
2023-01-29,Buku,704000
2023-01-29,Pakaian,883000
2023-01-29,Buku,1580000
2023-01-30,Pakaian,295000
2023-01-30,Rumah Tangga,840000
2023-01-30,Minuman,1193000
2023-01-30,Rumah Tangga,1563000
2023-01-31,Pakaian,1258000
2023-01-31,Minuman,1433000
2023-01-31,Buku,1783000
2023-01-31,Olahraga,1780000
2023-02-01,Buku,845000
2023-02-01,Elektronik,1502000
2023-02-01,Olahraga,1128000
2023-02-01,Makanan,251000
2023-02-02,Buku,1283000
2023-02-02,Rumah Tangga,1500000
2023-02-02,Elektronik,289000
2023-02-02,Makanan,2000000
2023-02-02,Olahraga,994000
2023-02-03,Buku,1013000
2023-02-03,Rumah Tangga,314000
2023-02-03,Makanan,1685000
2023-02-03,Makanan,285000
2023-02-03,Buku,757000
2023-02-03,Rumah Tangga,1587000
2023-02-03,Rumah Tangga,479000
2023-02-03,Elektronik,413000
2023-02-04,Olahraga,1421000
2023-02-04,Elektronik,1930000
2023-02-04,Buku,1393000
2023-02-04,Elektronik,91000
2023-02-04,Buku,431000
2023-02-05,Rumah Tangga,1127000
2023-02-05,Elektronik,193000
2023-02-05,Elektronik,1253000
2023-02-05,Rumah Tangga,913000
2023-02-05,Elektronik,1748000
2023-02-05,Buku,1796000
2023-02-06,Elektronik,1549000
2023-02-06,Pakaian,804000
2023-02-06,Minuman,1115000
2023-02-07,Rumah Tangga,1034000
2023-02-07,Minuman,1110000
2023-02-07,Minuman,75000
2023-02-07,Elektronik,1640000
2023-02-07,Buku,1417000
2023-02-07,Minuman,738000
2023-02-07,Rumah Tangga,351000
2023-02-07,Elektronik,951000
2023-02-07,Olahraga,1851000
2023-02-08,Makanan,842000
2023-02-08,Elektronik,1992000
2023-02-08,Buku,1546000
2023-02-08,Minuman,587000
2023-02-09,Makanan,786000
2023-02-09,Pakaian,74000
2023-02-09,Minuman,1389000
2023-02-09,Rumah Tangga,876000
2023-02-09,Buku,1449000
2023-02-09,Makanan,271000
2023-02-09,Buku,236000
2023-02-09,Makanan,1223000
2023-02-09,Buku,1066000
2023-02-10,Makanan,570000
2023-02-10,Pakaian,799000
2023-02-10,Buku,282000
2023-02-10,Elektronik,1022000
2023-02-10,Pakaian,297000
2023-02-10,Elektronik,216000
2023-02-10,Makanan,1476000
2023-02-10,Elektronik,632000
2023-02-10,Minuman,1184000
2023-02-10,Buku,519000
2023-02-11,Olahraga,1937000
2023-02-11,Pakaian,874000
2023-02-11,Pakaian,608000
2023-02-11,Olahraga,724000
2023-02-11,Elektronik,1643000
2023-02-12,Buku,1483000
2023-02-12,Rumah Tangga,1830000
2023-02-12,Pakaian,986000
2023-02-12,Rumah Tangga,1297000
2023-02-12,Minuman,1566000
2023-02-12,Makanan,1022000
2023-02-12,Buku,1171000
2023-02-12,Elektronik,1795000
2023-02-12,Rumah Tangga,1123000
2023-02-12,Olahraga,1898000
2023-02-13,Pakaian,437000
2023-02-13,Rumah Tangga,758000
2023-02-13,Rumah Tangga,1878000
2023-02-13,Pakaian,286000
2023-02-13,Elektronik,438000
2023-02-13,Rumah Tangga,1291000
2023-02-13,Olahraga,630000
2023-02-13,Elektronik,124000
2023-02-13,Buku,523000
2023-02-14,Pakaian,1516000
2023-02-14,Buku,1745000
2023-02-14,Buku,1791000
2023-02-14,Makanan,60000
2023-02-14,Buku,1751000
2023-02-14,Olahraga,254000
2023-02-14,Olahraga,876000
2023-02-15,Minuman,1022000
2023-02-15,Olahraga,383000
2023-02-15,Elektronik,179000
2023-02-15,Makanan,1097000
2023-02-15,Olahraga,196000
2023-02-15,Minuman,697000
2023-02-15,Makanan,1879000
2023-02-15,Rumah Tangga,861000
2023-02-15,Pakaian,886000
2023-02-15,Rumah Tangga,1680000
2023-02-16,Minuman,81000
2023-02-16,Makanan,155000
2023-02-16,Pakaian,1361000
2023-02-16,Rumah Tangga,1286000
2023-02-16,Olahraga,1360000
2023-02-16,Rumah Tangga,1586000
2023-02-16,Makanan,1823000
2023-02-17,Olahraga,1019000
2023-02-17,Rumah Tangga,1081000
2023-02-17,Minuman,471000
2023-02-17,Elektronik,213000
2023-02-17,Buku,1461000
2023-02-17,Buku,1788000
2023-02-17,Makanan,1064000
2023-02-17,Elektronik,987000
2023-02-18,Elektronik,267000
2023-02-18,Pakaian,615000
2023-02-18,Makanan,971000
2023-02-18,Minuman,117000
2023-02-18,Olahraga,672000
2023-02-19,Makanan,485000
2023-02-19,Olahraga,768000
2023-02-19,Minuman,1030000
2023-02-19,Olahraga,147000
2023-02-20,Olahraga,1958000
2023-02-20,Minuman,1055000
2023-02-20,Pakaian,468000
2023-02-20,Minuman,223000
2023-02-20,Olahraga,1338000
2023-02-21,Minuman,280000
2023-02-21,Buku,1428000
2023-02-21,Makanan,403000
2023-02-21,Makanan,1541000
2023-02-21,Minuman,604000
2023-02-22,Rumah Tangga,1365000
2023-02-22,Buku,1002000
2023-02-22,Pakaian,448000
2023-02-22,Minuman,936000
2023-02-23,Rumah Tangga,280000
2023-02-23,Makanan,1549000
2023-02-23,Makanan,1477000
2023-02-23,Makanan,376000
2023-02-23,Pakaian,931000
2023-02-23,Pakaian,727000
2023-02-23,Minuman,82000
2023-02-23,Makanan,1234000
2023-02-24,Buku,297000
2023-02-24,Pakaian,1942000
2023-02-24,Buku,900000
2023-02-25,Rumah Tangga,1938000
2023-02-25,Makanan,1596000
2023-02-25,Minuman,364000
2023-02-25,Pakaian,657000
2023-02-25,Elektronik,1345000
2023-02-25,Makanan,631000
2023-02-26,Buku,1791000
2023-02-26,Elektronik,1607000
2023-02-26,Elektronik,1227000
2023-02-27,Olahraga,671000
2023-02-27,Pakaian,1612000
2023-02-27,Elektronik,1175000
2023-02-27,Buku,980000
2023-02-27,Pakaian,50000
2023-02-27,Makanan,397000
2023-02-27,Rumah Tangga,1749000
2023-02-27,Minuman,827000
2023-02-27,Makanan,1324000
2023-02-28,Makanan,1070000
2023-02-28,Minuman,1438000
2023-02-28,Olahraga,1847000
2023-02-28,Olahraga,256000
2023-02-28,Minuman,1086000
2023-02-28,Makanan,128000
2023-03-01,Rumah Tangga,1481000
2023-03-01,Rumah Tangga,1409000
2023-03-01,Buku,1201000
2023-03-01,Elektronik,496000
2023-03-01,Pakaian,981000
2023-03-01,Elektronik,969000
2023-03-01,Elektronik,1868000
2023-03-01,Rumah Tangga,414000
2023-03-02,Olahraga,232000
2023-03-02,Minuman,1048000
2023-03-02,Rumah Tangga,1801000
2023-03-03,Olahraga,463000
2023-03-03,Makanan,1430000
2023-03-03,Buku,588000
2023-03-03,Pakaian,1967000
2023-03-03,Rumah Tangga,1260000
2023-03-03,Makanan,700000
2023-03-03,Makanan,1826000
2023-03-03,Pakaian,332000
2023-03-03,Elektronik,1350000
2023-03-04,Pakaian,1834000
2023-03-04,Olahraga,908000
2023-03-04,Rumah Tangga,464000
2023-03-04,Elektronik,691000
2023-03-05,Pakaian,943000
2023-03-05,Pakaian,1083000
2023-03-05,Pakaian,1819000
2023-03-05,Buku,234000
2023-03-06,Pakaian,1079000
2023-03-06,Pakaian,1948000
2023-03-06,Makanan,1262000
2023-03-07,Rumah Tangga,1923000
2023-03-07,Olahraga,1280000
2023-03-07,Rumah Tangga,179000
2023-03-07,Pakaian,756000
2023-03-07,Elektronik,927000
2023-03-07,Minuman,1959000
2023-03-07,Makanan,1811000
2023-03-07,Buku,1699000
2023-03-07,Minuman,1100000
2023-03-08,Pakaian,546000
2023-03-08,Olahraga,1382000
2023-03-08,Rumah Tangga,1981000
2023-03-08,Rumah Tangga,508000
2023-03-08,Minuman,1969000
2023-03-09,Rumah Tangga,1573000
2023-03-09,Makanan,1394000
2023-03-09,Olahraga,1691000
2023-03-09,Makanan,600000
2023-03-09,Makanan,996000
2023-03-09,Rumah Tangga,1543000
2023-03-10,Buku,58000
2023-03-10,Rumah Tangga,1262000
2023-03-10,Pakaian,650000
2023-03-10,Makanan,198000
2023-03-10,Elektronik,547000
2023-03-10,Rumah Tangga,1947000
2023-03-10,Rumah Tangga,1943000
2023-03-10,Rumah Tangga,101000
2023-03-11,Olahraga,383000
2023-03-11,Pakaian,1727000
2023-03-11,Rumah Tangga,1957000
2023-03-11,Buku,1190000
2023-03-11,Buku,348000
2023-03-11,Pakaian,1399000
2023-03-11,Elektronik,599000
2023-03-12,Olahraga,389000
2023-03-12,Pakaian,317000
2023-03-12,Olahraga,1012000
2023-03-12,Buku,834000
2023-03-13,Olahraga,925000
2023-03-13,Pakaian,605000
2023-03-13,Elektronik,1348000
2023-03-13,Rumah Tangga,66000
2023-03-13,Rumah Tangga,58000
2023-03-13,Pakaian,1188000
2023-03-13,Rumah Tangga,354000
2023-03-13,Elektronik,1770000
2023-03-13,Olahraga,272000
2023-03-13,Minuman,1999000
2023-03-14,Pakaian,410000
2023-03-14,Elektronik,95000
2023-03-14,Makanan,825000
2023-03-14,Rumah Tangga,576000
2023-03-14,Pakaian,1363000
2023-03-14,Elektronik,1036000
2023-03-14,Elektronik,1374000
2023-03-14,Elektronik,1863000
2023-03-14,Rumah Tangga,152000
2023-03-15,Olahraga,1670000
2023-03-15,Buku,1926000
2023-03-15,Rumah Tangga,1862000
2023-03-15,Elektronik,1298000
2023-03-15,Elektronik,1223000
2023-03-15,Pakaian,880000
2023-03-15,Minuman,620000
2023-03-16,Pakaian,1694000
2023-03-16,Makanan,317000
2023-03-16,Rumah Tangga,564000
2023-03-16,Makanan,1058000
2023-03-16,Pakaian,1834000
2023-03-16,Buku,1016000
2023-03-16,Olahraga,368000
2023-03-17,Buku,1568000
2023-03-17,Minuman,1996000
2023-03-17,Olahraga,537000
2023-03-17,Minuman,1589000
2023-03-18,Rumah Tangga,1249000
2023-03-18,Elektronik,1156000
2023-03-18,Buku,83000
2023-03-18,Elektronik,657000
2023-03-18,Olahraga,668000
2023-03-18,Makanan,1810000
2023-03-18,Pakaian,1133000
2023-03-18,Buku,1895000
2023-03-18,Buku,295000
2023-03-18,Pakaian,838000
2023-03-19,Elektronik,615000
2023-03-19,Makanan,1301000
2023-03-19,Minuman,880000
2023-03-19,Makanan,702000
2023-03-19,Rumah Tangga,1916000
2023-03-19,Olahraga,247000
2023-03-20,Elektronik,1816000
2023-03-20,Olahraga,1235000
2023-03-20,Olahraga,438000
2023-03-20,Minuman,740000
2023-03-20,Minuman,1489000
2023-03-20,Makanan,1180000
2023-03-21,Rumah Tangga,1567000
2023-03-21,Olahraga,1872000
2023-03-21,Buku,112000
2023-03-21,Minuman,548000
2023-03-22,Elektronik,1203000
2023-03-22,Minuman,1061000
2023-03-22,Minuman,1723000
2023-03-22,Makanan,208000
2023-03-22,Rumah Tangga,1009000
2023-03-22,Minuman,1621000
2023-03-23,Pakaian,945000
2023-03-23,Buku,1448000
2023-03-23,Elektronik,266000
2023-03-23,Olahraga,357000
2023-03-23,Minuman,1942000
2023-03-23,Olahraga,1809000
2023-03-23,Olahraga,700000
2023-03-23,Pakaian,560000
2023-03-24,Makanan,292000
2023-03-24,Minuman,1472000
2023-03-24,Buku,536000
2023-03-24,Rumah Tangga,317000
2023-03-25,Minuman,1947000
2023-03-25,Elektronik,411000
2023-03-25,Makanan,1859000
2023-03-25,Olahraga,1573000
2023-03-25,Minuman,1500000
2023-03-25,Minuman,1780000
2023-03-25,Rumah Tangga,1538000
2023-03-26,Makanan,1223000
2023-03-26,Pakaian,1522000
2023-03-26,Olahraga,1116000
2023-03-26,Buku,380000
2023-03-26,Rumah Tangga,610000
2023-03-26,Minuman,1475000
2023-03-26,Olahraga,1170000
2023-03-26,Elektronik,1872000
2023-03-27,Makanan,689000
2023-03-27,Rumah Tangga,765000
2023-03-27,Makanan,988000
2023-03-28,Pakaian,1962000
2023-03-28,Minuman,1646000
2023-03-28,Pakaian,1441000
2023-03-28,Buku,1492000
2023-03-28,Minuman,1732000
2023-03-28,Makanan,1696000
2023-03-28,Elektronik,1700000
2023-03-28,Minuman,526000
2023-03-28,Buku,1019000
2023-03-28,Buku,710000
2023-03-29,Makanan,1011000
2023-03-29,Buku,201000
2023-03-29,Elektronik,736000
2023-03-30,Makanan,1044000
2023-03-30,Buku,1870000
2023-03-30,Minuman,823000
2023-03-30,Elektronik,1788000
2023-03-30,Elektronik,1780000
2023-03-30,Rumah Tangga,1708000
2023-03-30,Olahraga,1348000
2023-03-30,Olahraga,1576000
2023-03-31,Elektronik,434000
2023-03-31,Pakaian,1802000
2023-03-31,Makanan,125000
2023-03-31,Minuman,551000
2023-03-31,Makanan,159000
2023-03-31,Elektronik,512000
2023-03-31,Pakaian,693000
2023-03-31,Elektronik,973000
2023-03-31,Minuman,663000
2023-04-01,Minuman,1938000
2023-04-01,Minuman,1691000
2023-04-01,Olahraga,729000
2023-04-01,Minuman,1631000
2023-04-01,Elektronik,1179000
2023-04-01,Rumah Tangga,1076000
2023-04-01,Makanan,393000
2023-04-01,Buku,1417000
2023-04-01,Olahraga,255000
2023-04-02,Buku,548000
2023-04-02,Makanan,1124000
2023-04-02,Elektronik,1455000
2023-04-02,Minuman,169000
2023-04-02,Elektronik,392000
2023-04-02,Olahraga,654000
2023-04-02,Buku,950000
2023-04-02,Olahraga,241000
2023-04-02,Makanan,1913000
2023-04-03,Olahraga,615000
2023-04-03,Buku,1206000
2023-04-03,Elektronik,358000
2023-04-03,Olahraga,1041000
2023-04-03,Minuman,1076000
2023-04-03,Buku,909000
2023-04-03,Elektronik,1125000
2023-04-03,Elektronik,58000
2023-04-03,Makanan,1178000
2023-04-04,Olahraga,1083000
2023-04-04,Pakaian,910000
2023-04-04,Buku,1844000
2023-04-04,Buku,1134000
2023-04-05,Minuman,1301000
2023-04-05,Makanan,1536000
2023-04-05,Elektronik,1052000
2023-04-05,Olahraga,1581000
2023-04-05,Buku,616000
2023-04-05,Minuman,1525000
2023-04-05,Pakaian,784000
2023-04-06,Elektronik,1181000
2023-04-06,Pakaian,1995000
2023-04-06,Minuman,242000
2023-04-06,Elektronik,1126000
2023-04-07,Pakaian,1541000
2023-04-07,Olahraga,1709000
2023-04-07,Buku,846000
2023-04-07,Buku,902000
2023-04-07,Rumah Tangga,869000
2023-04-07,Elektronik,403000
2023-04-08,Rumah Tangga,772000
2023-04-08,Makanan,511000
2023-04-08,Minuman,715000
2023-04-08,Elektronik,1565000
2023-04-08,Minuman,579000
2023-04-08,Rumah Tangga,866000
2023-04-08,Elektronik,1976000
2023-04-09,Rumah Tangga,1537000
2023-04-09,Olahraga,1427000
2023-04-09,Minuman,1470000
2023-04-09,Elektronik,1293000
2023-04-09,Olahraga,1476000
2023-04-09,Pakaian,1607000
2023-04-09,Olahraga,822000
2023-04-09,Buku,769000
2023-04-09,Rumah Tangga,1667000
2023-04-09,Olahraga,249000
2023-04-10,Elektronik,1724000
2023-04-10,Elektronik,1627000
2023-04-10,Makanan,156000
2023-04-10,Olahraga,1364000
2023-04-10,Makanan,1109000
2023-04-10,Buku,1515000
2023-04-10,Minuman,1638000
2023-04-10,Makanan,506000
2023-04-11,Makanan,1722000
2023-04-11,Makanan,1436000
2023-04-11,Elektronik,1686000
2023-04-11,Minuman,339000
2023-04-12,Pakaian,1579000
2023-04-12,Buku,1635000
2023-04-12,Makanan,560000
2023-04-12,Rumah Tangga,526000
2023-04-13,Buku,152000
2023-04-13,Elektronik,592000
2023-04-13,Olahraga,416000
2023-04-14,Elektronik,1350000
2023-04-14,Buku,1943000
2023-04-14,Pakaian,1220000
2023-04-14,Makanan,1739000
2023-04-14,Makanan,164000
2023-04-14,Elektronik,937000
2023-04-15,Makanan,988000
2023-04-15,Buku,1884000
2023-04-15,Olahraga,1065000
2023-04-15,Rumah Tangga,511000
2023-04-15,Buku,217000
2023-04-15,Minuman,1643000
2023-04-15,Minuman,1576000
2023-04-15,Minuman,366000
2023-04-16,Makanan,52000
2023-04-16,Buku,1084000
2023-04-16,Minuman,198000
2023-04-16,Pakaian,1526000
2023-04-16,Buku,281000
2023-04-16,Elektronik,781000
2023-04-17,Minuman,157000
2023-04-17,Minuman,739000
2023-04-17,Minuman,1826000
2023-04-17,Rumah Tangga,259000
2023-04-17,Minuman,671000
2023-04-17,Rumah Tangga,241000
2023-04-17,Buku,290000
2023-04-17,Rumah Tangga,720000
2023-04-17,Buku,52000
2023-04-17,Elektronik,1131000
2023-04-18,Rumah Tangga,1924000
2023-04-18,Rumah Tangga,692000
2023-04-18,Minuman,629000
2023-04-18,Minuman,1898000
2023-04-18,Olahraga,833000
2023-04-18,Makanan,321000
2023-04-19,Olahraga,1881000
2023-04-19,Elektronik,850000
2023-04-19,Elektronik,1431000
2023-04-19,Buku,1039000
2023-04-20,Pakaian,292000
2023-04-20,Minuman,336000
2023-04-20,Minuman,51000
2023-04-20,Makanan,412000
2023-04-20,Olahraga,717000
2023-04-20,Buku,867000
2023-04-21,Buku,1857000
2023-04-21,Buku,1997000
2023-04-21,Minuman,1524000
2023-04-21,Makanan,1663000
2023-04-21,Buku,1486000
2023-04-21,Pakaian,1002000
2023-04-21,Minuman,1508000
2023-04-21,Makanan,229000
2023-04-21,Minuman,184000
2023-04-21,Minuman,567000
2023-04-22,Buku,837000
2023-04-22,Minuman,1103000
2023-04-22,Buku,680000
2023-04-22,Minuman,95000
2023-04-23,Pakaian,579000
2023-04-23,Elektronik,561000
2023-04-23,Buku,937000
2023-04-24,Olahraga,849000
2023-04-24,Pakaian,805000
2023-04-24,Pakaian,550000
2023-04-24,Minuman,1583000
2023-04-24,Rumah Tangga,1149000
2023-04-24,Rumah Tangga,172000
2023-04-24,Makanan,533000
2023-04-24,Elektronik,1784000
2023-04-24,Pakaian,66000
2023-04-25,Buku,351000
2023-04-25,Minuman,310000
2023-04-25,Buku,1781000
2023-04-25,Rumah Tangga,347000
2023-04-25,Makanan,1265000
2023-04-26,Rumah Tangga,489000
2023-04-26,Makanan,1447000
2023-04-26,Minuman,326000
2023-04-26,Makanan,1129000
2023-04-26,Makanan,569000
2023-04-27,Rumah Tangga,1258000
2023-04-27,Buku,731000
2023-04-27,Makanan,853000
2023-04-27,Olahraga,1684000
2023-04-28,Rumah Tangga,393000
2023-04-28,Pakaian,251000
2023-04-28,Makanan,1439000
2023-04-28,Pakaian,1676000
2023-04-28,Pakaian,1583000
2023-04-28,Buku,965000
2023-04-28,Olahraga,104000
2023-04-28,Buku,583000
2023-04-29,Makanan,643000
2023-04-29,Rumah Tangga,407000
2023-04-29,Olahraga,1589000
2023-04-29,Minuman,682000
2023-04-29,Rumah Tangga,1181000
2023-04-29,Buku,705000
2023-04-29,Olahraga,1583000
2023-04-30,Minuman,1681000
2023-04-30,Elektronik,1103000
2023-04-30,Buku,1770000
2023-04-30,Minuman,1803000
2023-04-30,Olahraga,409000
2023-04-30,Olahraga,1111000
2023-04-30,Pakaian,1457000
2023-05-01,Elektronik,1484000
2023-05-01,Rumah Tangga,962000
2023-05-01,Pakaian,1220000
2023-05-01,Pakaian,432000
2023-05-01,Buku,264000
2023-05-01,Minuman,1783000
2023-05-01,Rumah Tangga,1942000
2023-05-01,Buku,631000
2023-05-01,Pakaian,767000
2023-05-01,Olahraga,1681000
2023-05-02,Rumah Tangga,607000
2023-05-02,Olahraga,617000
2023-05-02,Rumah Tangga,1423000
2023-05-02,Elektronik,1204000
2023-05-02,Minuman,376000
2023-05-02,Elektronik,78000
2023-05-02,Pakaian,646000
2023-05-02,Rumah Tangga,1661000
2023-05-03,Pakaian,832000
2023-05-03,Pakaian,1817000
2023-05-03,Rumah Tangga,244000
2023-05-03,Olahraga,263000
2023-05-03,Olahraga,1025000
2023-05-03,Pakaian,760000
2023-05-03,Buku,353000
2023-05-03,Buku,1213000
2023-05-03,Pakaian,949000
2023-05-03,Makanan,153000
2023-05-04,Pakaian,1351000
2023-05-04,Elektronik,1964000
2023-05-04,Minuman,890000
2023-05-04,Olahraga,1394000
2023-05-04,Minuman,1414000
2023-05-04,Pakaian,935000
2023-05-05,Makanan,1537000
2023-05-05,Elektronik,1397000
2023-05-05,Rumah Tangga,1602000
2023-05-05,Minuman,1439000
2023-05-05,Olahraga,508000
2023-05-05,Rumah Tangga,1713000
2023-05-05,Minuman,621000
2023-05-05,Makanan,1342000
2023-05-05,Makanan,1550000
2023-05-05,Pakaian,1219000
2023-05-06,Pakaian,1558000
2023-05-06,Buku,281000
2023-05-06,Elektronik,121000
2023-05-06,Pakaian,1244000
2023-05-06,Elektronik,496000
2023-05-06,Rumah Tangga,1377000
2023-05-06,Minuman,846000
2023-05-06,Pakaian,934000
2023-05-06,Rumah Tangga,766000
2023-05-07,Rumah Tangga,680000
2023-05-07,Olahraga,1770000
2023-05-07,Buku,637000
2023-05-07,Pakaian,1727000
2023-05-07,Makanan,954000
2023-05-08,Makanan,1271000
2023-05-08,Rumah Tangga,1474000
2023-05-08,Elektronik,69000
2023-05-08,Olahraga,688000
2023-05-08,Elektronik,172000
2023-05-08,Elektronik,992000
2023-05-08,Olahraga,637000
2023-05-08,Pakaian,475000
2023-05-08,Elektronik,220000
2023-05-09,Buku,290000
2023-05-09,Rumah Tangga,1877000
2023-05-09,Pakaian,1034000
2023-05-09,Buku,1522000
2023-05-09,Olahraga,1492000
2023-05-09,Minuman,1241000
2023-05-09,Elektronik,1685000
2023-05-09,Pakaian,1984000
2023-05-10,Pakaian,255000
2023-05-10,Pakaian,204000
2023-05-10,Pakaian,929000
2023-05-10,Elektronik,1068000
2023-05-10,Pakaian,943000
2023-05-10,Buku,1480000
2023-05-10,Buku,834000
2023-05-11,Makanan,1953000
2023-05-11,Makanan,1615000
2023-05-11,Elektronik,1237000
2023-05-11,Rumah Tangga,1616000
2023-05-12,Rumah Tangga,1793000
2023-05-12,Elektronik,1422000
2023-05-12,Buku,1810000
2023-05-12,Elektronik,1163000
2023-05-12,Olahraga,591000
2023-05-12,Buku,1233000
2023-05-13,Rumah Tangga,1241000
2023-05-13,Pakaian,1933000
2023-05-13,Pakaian,1319000
2023-05-13,Rumah Tangga,1524000
2023-05-13,Elektronik,68000
2023-05-13,Makanan,702000
2023-05-14,Rumah Tangga,1360000
2023-05-14,Olahraga,1778000
2023-05-14,Olahraga,1836000
2023-05-15,Elektronik,263000
2023-05-15,Makanan,852000
2023-05-15,Rumah Tangga,1322000
2023-05-16,Buku,618000
2023-05-16,Elektronik,1515000
2023-05-16,Buku,198000
2023-05-16,Rumah Tangga,1416000
2023-05-16,Pakaian,1069000
2023-05-16,Olahraga,621000
2023-05-16,Minuman,1771000
2023-05-16,Elektronik,2000000
2023-05-16,Pakaian,1669000
2023-05-16,Olahraga,1146000
2023-05-17,Rumah Tangga,1111000
2023-05-17,Minuman,1271000
2023-05-17,Pakaian,1588000
2023-05-17,Elektronik,1524000
2023-05-17,Rumah Tangga,124000
2023-05-17,Elektronik,1205000
2023-05-17,Minuman,1400000
2023-05-17,Elektronik,703000
2023-05-17,Minuman,1964000
2023-05-17,Buku,338000
2023-05-18,Buku,756000
2023-05-18,Makanan,1565000
2023-05-18,Elektronik,574000
2023-05-18,Minuman,1760000
2023-05-18,Makanan,1712000
2023-05-18,Buku,1563000
2023-05-19,Buku,916000
2023-05-19,Olahraga,674000
2023-05-19,Rumah Tangga,353000
2023-05-19,Buku,201000
2023-05-19,Pakaian,811000
2023-05-19,Minuman,1412000
2023-05-19,Makanan,1831000
2023-05-20,Olahraga,954000
2023-05-20,Buku,649000
2023-05-20,Olahraga,1989000
2023-05-20,Elektronik,1851000
2023-05-20,Elektronik,1805000
2023-05-20,Rumah Tangga,382000
2023-05-20,Buku,162000
2023-05-20,Pakaian,1887000
2023-05-21,Elektronik,1876000
2023-05-21,Pakaian,1500000
2023-05-21,Buku,523000
2023-05-21,Rumah Tangga,83000
2023-05-21,Makanan,189000
2023-05-21,Makanan,116000
2023-05-21,Pakaian,1005000
2023-05-21,Minuman,1196000
2023-05-22,Buku,816000
2023-05-22,Buku,1100000
2023-05-22,Elektronik,1162000
2023-05-22,Elektronik,1570000
2023-05-22,Rumah Tangga,1916000
2023-05-23,Makanan,281000
2023-05-23,Rumah Tangga,1628000
2023-05-23,Rumah Tangga,578000
2023-05-24,Pakaian,264000
2023-05-24,Rumah Tangga,1667000
2023-05-24,Makanan,1161000
2023-05-24,Pakaian,860000
2023-05-24,Rumah Tangga,1316000
2023-05-25,Pakaian,980000
2023-05-25,Rumah Tangga,1600000
2023-05-25,Minuman,625000
2023-05-25,Elektronik,1313000
2023-05-25,Minuman,663000
2023-05-25,Pakaian,1984000
2023-05-25,Elektronik,722000
2023-05-25,Buku,1284000
2023-05-25,Pakaian,673000
2023-05-26,Rumah Tangga,1799000
2023-05-26,Elektronik,632000
2023-05-26,Buku,1208000
2023-05-26,Elektronik,1979000
2023-05-26,Olahraga,1866000
2023-05-26,Olahraga,477000
2023-05-26,Elektronik,1402000
2023-05-27,Pakaian,1305000
2023-05-27,Makanan,1785000
2023-05-27,Elektronik,1045000
2023-05-27,Elektronik,1568000
2023-05-27,Pakaian,895000
2023-05-27,Elektronik,547000
2023-05-27,Buku,1643000
2023-05-27,Rumah Tangga,1017000
2023-05-27,Elektronik,1723000
2023-05-27,Makanan,241000
2023-05-28,Elektronik,316000
2023-05-28,Rumah Tangga,501000
2023-05-28,Elektronik,841000
2023-05-28,Minuman,204000
2023-05-28,Pakaian,400000
2023-05-28,Rumah Tangga,1856000
2023-05-28,Makanan,534000
2023-05-29,Rumah Tangga,532000
2023-05-29,Makanan,1843000
2023-05-29,Rumah Tangga,1053000
2023-05-29,Elektronik,787000
2023-05-29,Minuman,1275000
2023-05-29,Rumah Tangga,1959000
2023-05-29,Minuman,904000
2023-05-29,Makanan,1257000
2023-05-29,Makanan,1262000
2023-05-29,Minuman,216000
2023-05-30,Rumah Tangga,1032000
2023-05-30,Rumah Tangga,1803000
2023-05-30,Minuman,1240000
2023-05-30,Olahraga,561000
2023-05-30,Pakaian,794000
2023-05-30,Rumah Tangga,1335000
2023-05-30,Pakaian,495000
2023-05-30,Buku,1414000
2023-05-30,Minuman,1827000
2023-05-31,Olahraga,1124000
2023-05-31,Olahraga,1759000
2023-05-31,Minuman,1590000
2023-05-31,Buku,1106000
2023-05-31,Minuman,1072000
2023-05-31,Buku,387000
2023-05-31,Makanan,1625000
2023-05-31,Rumah Tangga,1548000
2023-06-01,Pakaian,58000
2023-06-01,Rumah Tangga,1808000
2023-06-01,Pakaian,1228000
2023-06-01,Elektronik,875000
2023-06-01,Pakaian,330000
2023-06-01,Rumah Tangga,1214000
2023-06-01,Pakaian,861000
2023-06-01,Minuman,1539000
2023-06-01,Olahraga,1293000
2023-06-02,Makanan,1023000
2023-06-02,Makanan,1955000
2023-06-02,Makanan,1315000
2023-06-02,Olahraga,1101000
2023-06-02,Minuman,1779000
2023-06-02,Pakaian,462000
2023-06-03,Minuman,126000
2023-06-03,Makanan,1772000
2023-06-03,Makanan,1128000
2023-06-03,Elektronik,1755000
2023-06-04,Buku,1434000
2023-06-04,Olahraga,1446000
2023-06-04,Makanan,662000
2023-06-04,Elektronik,1046000
2023-06-04,Minuman,666000
2023-06-04,Buku,622000
2023-06-04,Elektronik,1498000
2023-06-05,Minuman,1637000
2023-06-05,Buku,299000
2023-06-05,Olahraga,985000
2023-06-05,Makanan,408000
2023-06-05,Buku,1370000
2023-06-05,Minuman,521000
2023-06-06,Elektronik,1555000
2023-06-06,Olahraga,1683000
2023-06-06,Buku,839000
2023-06-06,Elektronik,477000
2023-06-06,Makanan,926000
2023-06-06,Elektronik,1980000
2023-06-06,Rumah Tangga,1401000
2023-06-07,Minuman,856000
2023-06-07,Buku,1951000
2023-06-07,Buku,1793000
2023-06-07,Makanan,1282000
2023-06-07,Buku,788000
2023-06-08,Rumah Tangga,787000
2023-06-08,Rumah Tangga,1848000
2023-06-08,Pakaian,328000
2023-06-08,Makanan,1624000
2023-06-08,Minuman,1051000
2023-06-08,Pakaian,705000
2023-06-08,Makanan,733000
2023-06-08,Pakaian,1155000
2023-06-09,Elektronik,580000
2023-06-09,Elektronik,367000
2023-06-09,Pakaian,1991000
2023-06-09,Pakaian,1160000
2023-06-09,Rumah Tangga,634000
2023-06-09,Pakaian,1217000
2023-06-10,Olahraga,1677000
2023-06-10,Buku,84000
2023-06-10,Pakaian,225000
2023-06-10,Minuman,1775000
2023-06-10,Pakaian,1092000
2023-06-10,Makanan,1068000
2023-06-10,Buku,75000
2023-06-11,Elektronik,504000
2023-06-11,Rumah Tangga,1968000
2023-06-11,Elektronik,1695000
2023-06-11,Rumah Tangga,1697000
2023-06-11,Pakaian,636000
2023-06-11,Elektronik,1505000
2023-06-11,Buku,1688000
2023-06-12,Pakaian,1195000
2023-06-12,Makanan,1498000
2023-06-12,Olahraga,548000
2023-06-12,Elektronik,1422000
2023-06-12,Olahraga,723000
2023-06-13,Elektronik,1663000
2023-06-13,Olahraga,542000
2023-06-13,Buku,1389000
2023-06-13,Minuman,784000
2023-06-14,Olahraga,1537000
2023-06-14,Buku,129000
2023-06-14,Pakaian,583000
2023-06-14,Minuman,1371000
2023-06-14,Buku,1762000
2023-06-15,Olahraga,1039000
2023-06-15,Elektronik,746000
2023-06-15,Pakaian,1813000
2023-06-15,Olahraga,1591000
2023-06-15,Buku,1918000
2023-06-15,Pakaian,1634000
2023-06-15,Elektronik,1199000
2023-06-16,Rumah Tangga,1988000
2023-06-16,Makanan,894000
2023-06-16,Rumah Tangga,1424000
2023-06-16,Elektronik,1925000
2023-06-16,Minuman,1681000
2023-06-16,Makanan,59000
2023-06-16,Minuman,1742000
2023-06-16,Makanan,1247000
2023-06-16,Buku,516000
2023-06-17,Makanan,320000
2023-06-17,Minuman,106000
2023-06-17,Buku,1727000
2023-06-18,Elektronik,1022000
2023-06-18,Olahraga,1040000
2023-06-18,Pakaian,1392000
2023-06-19,Minuman,225000
2023-06-19,Minuman,286000
2023-06-19,Rumah Tangga,551000
2023-06-19,Elektronik,96000
2023-06-19,Buku,893000
2023-06-19,Buku,1373000
2023-06-20,Pakaian,1558000
2023-06-20,Makanan,253000
2023-06-20,Olahraga,1159000
2023-06-20,Pakaian,623000
2023-06-20,Olahraga,835000
2023-06-20,Minuman,483000
2023-06-20,Olahraga,660000
2023-06-20,Buku,1419000
2023-06-21,Buku,1874000
2023-06-21,Elektronik,651000
2023-06-21,Minuman,138000
2023-06-21,Pakaian,1423000
2023-06-21,Minuman,1427000
2023-06-21,Minuman,394000
2023-06-21,Pakaian,1794000
2023-06-21,Buku,1933000
2023-06-21,Makanan,1348000
2023-06-21,Rumah Tangga,247000
2023-06-22,Buku,632000
2023-06-22,Elektronik,1851000
2023-06-22,Makanan,1659000
2023-06-22,Buku,703000
2023-06-22,Pakaian,1411000
2023-06-22,Buku,548000
2023-06-22,Elektronik,1203000
2023-06-22,Olahraga,212000
2023-06-22,Elektronik,504000
2023-06-22,Buku,681000
2023-06-23,Pakaian,1776000
2023-06-23,Olahraga,662000
2023-06-23,Minuman,1241000
2023-06-23,Buku,954000
2023-06-23,Olahraga,1911000
2023-06-23,Pakaian,52000
2023-06-23,Rumah Tangga,403000
2023-06-23,Minuman,1359000
2023-06-24,Pakaian,1222000
2023-06-24,Olahraga,1381000
2023-06-24,Buku,177000
2023-06-24,Minuman,708000
2023-06-24,Rumah Tangga,1789000
2023-06-24,Elektronik,1643000
2023-06-24,Elektronik,1171000
2023-06-24,Buku,152000
2023-06-24,Elektronik,1368000
2023-06-24,Olahraga,130000
2023-06-25,Minuman,1761000
2023-06-25,Minuman,910000
2023-06-25,Makanan,784000
2023-06-25,Elektronik,948000
2023-06-25,Pakaian,198000
2023-06-26,Minuman,1082000
2023-06-26,Elektronik,1576000
2023-06-26,Buku,157000
2023-06-26,Minuman,492000
2023-06-26,Elektronik,750000
2023-06-26,Makanan,1089000
2023-06-26,Pakaian,779000
2023-06-26,Minuman,203000
2023-06-26,Minuman,1609000
2023-06-26,Rumah Tangga,1936000
2023-06-27,Elektronik,1146000
2023-06-27,Pakaian,1868000
2023-06-27,Rumah Tangga,992000
2023-06-27,Pakaian,382000
2023-06-27,Buku,1817000
2023-06-27,Buku,454000
2023-06-28,Pakaian,397000
2023-06-28,Pakaian,1832000
2023-06-28,Elektronik,1740000
2023-06-28,Pakaian,705000
2023-06-28,Buku,683000
2023-06-28,Buku,617000
2023-06-28,Buku,1009000
2023-06-28,Rumah Tangga,830000
2023-06-29,Elektronik,1456000
2023-06-29,Elektronik,870000
2023-06-29,Rumah Tangga,92000
2023-06-29,Makanan,765000
2023-06-29,Pakaian,1832000
2023-06-29,Buku,1871000
2023-06-30,Makanan,1111000
2023-06-30,Minuman,1491000
2023-06-30,Pakaian,1855000
2023-06-30,Makanan,1045000
2023-06-30,Rumah Tangga,71000
2023-06-30,Olahraga,1108000
2023-06-30,Pakaian,660000
2023-06-30,Pakaian,1029000
2023-06-30,Pakaian,852000
2023-07-01,Rumah Tangga,1030000
2023-07-01,Rumah Tangga,277000
2023-07-01,Buku,826000
2023-07-02,Olahraga,864000
2023-07-02,Olahraga,1124000
2023-07-02,Elektronik,797000
2023-07-02,Pakaian,1780000
2023-07-02,Rumah Tangga,1724000
2023-07-02,Pakaian,1895000
2023-07-02,Olahraga,1531000
2023-07-02,Rumah Tangga,1938000
2023-07-02,Elektronik,1949000
2023-07-03,Pakaian,161000
2023-07-03,Olahraga,1838000
2023-07-03,Minuman,1891000
2023-07-03,Olahraga,1207000
2023-07-03,Elektronik,1966000
2023-07-04,Pakaian,1987000
2023-07-04,Rumah Tangga,1013000
2023-07-04,Buku,1541000
2023-07-05,Rumah Tangga,852000
2023-07-05,Buku,1609000
2023-07-05,Buku,150000
2023-07-05,Pakaian,802000
2023-07-05,Elektronik,1714000
2023-07-06,Makanan,1990000
2023-07-06,Makanan,585000
2023-07-06,Pakaian,1816000
2023-07-06,Olahraga,502000
2023-07-06,Elektronik,311000
2023-07-06,Minuman,710000
2023-07-06,Buku,1709000
2023-07-07,Olahraga,564000
2023-07-07,Minuman,1542000
2023-07-07,Olahraga,557000
2023-07-07,Minuman,346000
2023-07-07,Makanan,1848000
2023-07-07,Buku,119000
2023-07-07,Rumah Tangga,720000
2023-07-07,Olahraga,203000
2023-07-07,Pakaian,943000
2023-07-07,Makanan,1829000
2023-07-08,Pakaian,1380000
2023-07-08,Buku,381000
2023-07-08,Pakaian,1485000
2023-07-08,Elektronik,642000
2023-07-08,Buku,1772000
2023-07-08,Rumah Tangga,578000
2023-07-09,Olahraga,966000
2023-07-09,Rumah Tangga,1210000
2023-07-09,Olahraga,54000
2023-07-09,Makanan,77000
2023-07-10,Rumah Tangga,736000
2023-07-10,Minuman,1746000
2023-07-10,Pakaian,283000
2023-07-10,Olahraga,633000
2023-07-10,Buku,1567000
2023-07-10,Olahraga,276000
2023-07-10,Elektronik,1538000
2023-07-10,Pakaian,479000
2023-07-10,Buku,1276000
2023-07-10,Pakaian,182000
2023-07-11,Pakaian,1611000
2023-07-11,Elektronik,277000
2023-07-11,Pakaian,968000
2023-07-11,Pakaian,1800000
2023-07-11,Buku,575000
2023-07-11,Rumah Tangga,1636000
2023-07-12,Makanan,1152000
2023-07-12,Makanan,223000
2023-07-12,Elektronik,1037000
2023-07-12,Makanan,1765000
2023-07-12,Minuman,405000
2023-07-12,Olahraga,1679000
2023-07-13,Rumah Tangga,401000
2023-07-13,Makanan,507000
2023-07-13,Minuman,993000
2023-07-13,Minuman,1480000
2023-07-13,Rumah Tangga,675000
2023-07-13,Buku,1634000
2023-07-13,Elektronik,1294000
2023-07-14,Olahraga,919000
2023-07-14,Rumah Tangga,544000
2023-07-14,Elektronik,1776000
2023-07-14,Makanan,892000
2023-07-14,Buku,1378000
2023-07-14,Olahraga,1434000
2023-07-14,Olahraga,1324000
2023-07-14,Elektronik,514000
2023-07-14,Minuman,617000
2023-07-14,Olahraga,1781000
2023-07-15,Makanan,1279000
2023-07-15,Rumah Tangga,942000
2023-07-15,Rumah Tangga,363000
2023-07-16,Buku,1723000
2023-07-16,Pakaian,1307000
2023-07-16,Makanan,932000
2023-07-16,Elektronik,682000
2023-07-16,Buku,1645000
2023-07-17,Pakaian,661000
2023-07-17,Makanan,1090000
2023-07-17,Elektronik,1576000
2023-07-17,Minuman,1761000
2023-07-17,Rumah Tangga,979000
2023-07-17,Minuman,211000
2023-07-17,Elektronik,1003000
2023-07-18,Buku,1379000
2023-07-18,Makanan,900000
2023-07-18,Olahraga,1775000
2023-07-18,Rumah Tangga,343000
2023-07-19,Minuman,1739000
2023-07-19,Minuman,1700000
2023-07-19,Minuman,602000
2023-07-19,Elektronik,1660000
2023-07-19,Buku,971000
2023-07-20,Buku,1239000
2023-07-20,Minuman,1232000
2023-07-20,Elektronik,1311000
2023-07-20,Makanan,223000
2023-07-20,Minuman,389000
2023-07-20,Elektronik,62000
2023-07-20,Buku,1052000
2023-07-20,Makanan,1603000
2023-07-21,Olahraga,1656000
2023-07-21,Olahraga,306000
2023-07-21,Makanan,1071000
2023-07-21,Minuman,1677000
2023-07-21,Elektronik,1890000
2023-07-21,Pakaian,160000
2023-07-21,Rumah Tangga,570000
2023-07-21,Elektronik,341000
2023-07-21,Buku,1312000
2023-07-21,Buku,1990000
2023-07-22,Pakaian,85000
2023-07-22,Makanan,898000
2023-07-22,Minuman,1961000
2023-07-22,Buku,499000
2023-07-22,Elektronik,314000
2023-07-22,Makanan,896000
2023-07-22,Elektronik,1909000
2023-07-22,Rumah Tangga,599000
2023-07-22,Makanan,1654000
2023-07-23,Elektronik,741000
2023-07-23,Rumah Tangga,911000
2023-07-23,Buku,1382000
2023-07-23,Rumah Tangga,624000
2023-07-23,Olahraga,210000
2023-07-24,Pakaian,736000
2023-07-24,Minuman,1623000
2023-07-24,Pakaian,1861000
2023-07-24,Rumah Tangga,1519000
2023-07-24,Olahraga,377000
2023-07-24,Buku,218000
2023-07-24,Buku,1739000
2023-07-24,Pakaian,982000
2023-07-24,Elektronik,1379000
2023-07-24,Rumah Tangga,1029000
2023-07-25,Rumah Tangga,990000
2023-07-25,Pakaian,734000
2023-07-25,Elektronik,249000
2023-07-25,Olahraga,1943000
2023-07-25,Elektronik,951000
2023-07-25,Minuman,282000
2023-07-25,Minuman,1965000
2023-07-25,Makanan,1930000
2023-07-26,Makanan,595000
2023-07-26,Minuman,590000
2023-07-26,Buku,1403000
2023-07-26,Buku,1666000
2023-07-26,Makanan,1747000
2023-07-26,Elektronik,432000
2023-07-26,Rumah Tangga,383000
2023-07-27,Makanan,1684000
2023-07-27,Makanan,158000
2023-07-27,Makanan,594000
2023-07-27,Makanan,1174000
2023-07-27,Olahraga,705000
2023-07-27,Makanan,1242000
2023-07-27,Pakaian,696000
2023-07-27,Olahraga,1668000
2023-07-27,Pakaian,1701000
2023-07-28,Buku,1752000
2023-07-28,Olahraga,111000
2023-07-28,Makanan,827000
2023-07-28,Pakaian,568000
2023-07-28,Elektronik,1999000
2023-07-28,Rumah Tangga,71000
2023-07-28,Minuman,1336000
2023-07-29,Minuman,863000
2023-07-29,Pakaian,478000
2023-07-29,Rumah Tangga,665000
2023-07-29,Pakaian,461000
2023-07-29,Elektronik,1766000
2023-07-29,Pakaian,1869000
2023-07-29,Makanan,958000
2023-07-30,Makanan,1345000
2023-07-30,Olahraga,1368000
2023-07-30,Minuman,595000
2023-07-30,Buku,1007000
2023-07-30,Elektronik,812000
2023-07-30,Minuman,580000
2023-07-31,Elektronik,500000
2023-07-31,Olahraga,1062000
2023-07-31,Elektronik,1780000
2023-07-31,Minuman,1937000
2023-08-01,Minuman,311000
2023-08-01,Makanan,423000
2023-08-01,Minuman,486000
2023-08-01,Pakaian,1360000
2023-08-01,Makanan,265000
2023-08-02,Olahraga,588000
2023-08-02,Pakaian,1666000
2023-08-02,Buku,981000
2023-08-02,Pakaian,1212000
2023-08-02,Elektronik,1790000
2023-08-02,Pakaian,848000
2023-08-03,Buku,642000
2023-08-03,Olahraga,960000
2023-08-03,Elektronik,1313000
2023-08-03,Olahraga,880000
2023-08-03,Elektronik,1943000
2023-08-03,Elektronik,1981000
2023-08-03,Elektronik,1650000
2023-08-04,Olahraga,561000
2023-08-04,Pakaian,1874000
2023-08-04,Elektronik,1309000
2023-08-04,Olahraga,1637000
2023-08-05,Buku,1960000
2023-08-05,Rumah Tangga,307000
2023-08-05,Pakaian,1599000
2023-08-06,Olahraga,647000
2023-08-06,Pakaian,1657000
2023-08-06,Makanan,125000
2023-08-06,Pakaian,1798000
2023-08-06,Olahraga,1208000
2023-08-06,Pakaian,1843000
2023-08-06,Buku,266000
2023-08-07,Makanan,756000
2023-08-07,Buku,1640000
2023-08-07,Buku,1673000
2023-08-07,Makanan,1341000
2023-08-07,Makanan,1537000
2023-08-07,Minuman,467000
2023-08-08,Pakaian,541000
2023-08-08,Pakaian,1462000
2023-08-08,Rumah Tangga,209000
2023-08-08,Olahraga,713000
2023-08-09,Makanan,82000
2023-08-09,Olahraga,1545000
2023-08-09,Minuman,368000
2023-08-09,Makanan,750000
2023-08-09,Olahraga,1439000
2023-08-09,Olahraga,1867000
2023-08-09,Rumah Tangga,1889000
2023-08-09,Elektronik,1401000
2023-08-09,Makanan,364000
2023-08-10,Pakaian,1554000
2023-08-10,Buku,1380000
2023-08-10,Pakaian,1761000
2023-08-10,Buku,1976000
2023-08-10,Olahraga,184000
2023-08-10,Makanan,842000
2023-08-10,Pakaian,783000
2023-08-10,Pakaian,1986000
2023-08-10,Minuman,1353000
2023-08-10,Minuman,1578000
2023-08-11,Buku,420000
2023-08-11,Buku,250000
2023-08-11,Rumah Tangga,1618000
2023-08-11,Pakaian,1627000
2023-08-11,Rumah Tangga,1132000
2023-08-12,Rumah Tangga,1886000
2023-08-12,Olahraga,1857000
2023-08-12,Rumah Tangga,1700000
2023-08-12,Pakaian,1597000
2023-08-12,Rumah Tangga,1481000
2023-08-12,Elektronik,1748000
2023-08-12,Minuman,1680000
2023-08-13,Rumah Tangga,1180000
2023-08-13,Minuman,704000
2023-08-13,Elektronik,644000
2023-08-13,Olahraga,1204000
2023-08-13,Minuman,1202000
2023-08-13,Rumah Tangga,1383000
2023-08-13,Olahraga,763000
2023-08-13,Elektronik,548000
2023-08-13,Elektronik,135000
2023-08-14,Buku,135000
2023-08-14,Olahraga,462000
2023-08-14,Elektronik,1019000
2023-08-14,Makanan,1574000
2023-08-14,Rumah Tangga,211000
2023-08-15,Pakaian,1651000
2023-08-15,Rumah Tangga,106000
2023-08-15,Elektronik,1807000
2023-08-15,Pakaian,1208000
2023-08-15,Olahraga,1876000
2023-08-15,Makanan,1123000
2023-08-15,Buku,1288000
2023-08-15,Elektronik,778000
2023-08-15,Pakaian,1449000
2023-08-15,Olahraga,1543000
2023-08-16,Elektronik,57000
2023-08-16,Olahraga,357000
2023-08-16,Rumah Tangga,1398000
2023-08-16,Rumah Tangga,873000
2023-08-16,Makanan,1539000
2023-08-16,Pakaian,1920000
2023-08-16,Minuman,1313000
2023-08-16,Elektronik,156000
2023-08-17,Elektronik,76000
2023-08-17,Olahraga,1818000
2023-08-17,Minuman,886000
2023-08-17,Makanan,806000
2023-08-18,Elektronik,786000
2023-08-18,Elektronik,916000
2023-08-18,Rumah Tangga,1513000
2023-08-18,Rumah Tangga,1208000
2023-08-18,Rumah Tangga,1342000
2023-08-18,Olahraga,813000
2023-08-18,Pakaian,51000
2023-08-18,Elektronik,631000
2023-08-18,Buku,519000
2023-08-19,Makanan,960000
2023-08-19,Minuman,700000
2023-08-19,Makanan,1117000
2023-08-19,Minuman,827000
2023-08-19,Makanan,1638000
2023-08-19,Makanan,447000
2023-08-20,Makanan,782000
2023-08-20,Buku,1419000
2023-08-20,Buku,1846000
2023-08-20,Pakaian,493000
2023-08-20,Pakaian,851000
2023-08-20,Minuman,1947000
2023-08-20,Pakaian,686000
2023-08-21,Pakaian,1912000
2023-08-21,Rumah Tangga,1321000
2023-08-21,Rumah Tangga,910000
2023-08-21,Minuman,489000
2023-08-21,Rumah Tangga,1261000
2023-08-21,Olahraga,747000
2023-08-21,Makanan,1674000
2023-08-22,Pakaian,755000
2023-08-22,Olahraga,1379000
2023-08-22,Makanan,1420000
2023-08-22,Minuman,812000
2023-08-22,Makanan,1574000
2023-08-22,Olahraga,917000
2023-08-23,Pakaian,1094000
2023-08-23,Pakaian,851000
2023-08-23,Minuman,1363000
2023-08-23,Olahraga,1878000
2023-08-23,Elektronik,143000
2023-08-23,Minuman,145000
2023-08-23,Elektronik,1371000
2023-08-23,Minuman,285000
2023-08-23,Minuman,293000
2023-08-23,Elektronik,1178000
2023-08-24,Buku,1739000
2023-08-24,Makanan,623000
2023-08-24,Olahraga,1863000
2023-08-24,Rumah Tangga,356000
2023-08-24,Olahraga,1842000
2023-08-24,Pakaian,99000
2023-08-24,Buku,1788000
2023-08-25,Rumah Tangga,1170000
2023-08-25,Rumah Tangga,1137000
2023-08-25,Pakaian,1411000
2023-08-25,Buku,1788000
2023-08-26,Elektronik,734000
2023-08-26,Buku,1621000
2023-08-26,Olahraga,1890000
2023-08-26,Minuman,1110000
2023-08-26,Buku,1732000
2023-08-26,Buku,72000
2023-08-26,Minuman,1619000
2023-08-26,Buku,196000
2023-08-27,Buku,1372000
2023-08-27,Olahraga,1136000
2023-08-27,Minuman,919000
2023-08-27,Olahraga,715000
2023-08-27,Rumah Tangga,888000
2023-08-27,Buku,1670000
2023-08-27,Makanan,1699000
2023-08-27,Rumah Tangga,1451000
2023-08-27,Elektronik,804000
2023-08-28,Olahraga,420000
2023-08-28,Olahraga,102000
2023-08-28,Minuman,1280000
2023-08-28,Rumah Tangga,1507000
2023-08-28,Elektronik,1382000
2023-08-28,Olahraga,1159000
2023-08-28,Rumah Tangga,1820000
2023-08-28,Rumah Tangga,923000
2023-08-28,Minuman,398000
2023-08-29,Makanan,139000
2023-08-29,Makanan,611000
2023-08-29,Olahraga,1969000
2023-08-29,Elektronik,1357000
2023-08-29,Makanan,228000
2023-08-29,Buku,342000
2023-08-29,Elektronik,872000
2023-08-29,Rumah Tangga,945000
2023-08-29,Makanan,264000
2023-08-30,Makanan,163000
2023-08-30,Rumah Tangga,573000
2023-08-30,Pakaian,1118000
2023-08-30,Elektronik,863000
2023-08-30,Buku,218000
2023-08-30,Makanan,1513000
2023-08-30,Olahraga,152000
2023-08-30,Olahraga,1402000
2023-08-30,Buku,495000
2023-08-30,Buku,814000
2023-08-31,Olahraga,1451000
2023-08-31,Minuman,1383000
2023-08-31,Pakaian,585000
2023-08-31,Minuman,1807000
2023-08-31,Olahraga,1271000
2023-08-31,Pakaian,976000
2023-09-01,Elektronik,1243000
2023-09-01,Pakaian,848000
2023-09-01,Elektronik,1533000
2023-09-01,Minuman,1382000
2023-09-01,Makanan,1206000
2023-09-01,Minuman,260000
2023-09-01,Buku,1645000
2023-09-02,Elektronik,586000
2023-09-02,Olahraga,165000
2023-09-02,Olahraga,1307000
2023-09-02,Olahraga,253000
2023-09-02,Rumah Tangga,1677000
2023-09-02,Elektronik,154000
2023-09-03,Elektronik,1699000
2023-09-03,Pakaian,1525000
2023-09-03,Pakaian,57000
2023-09-03,Elektronik,1486000
2023-09-03,Elektronik,1924000
2023-09-03,Pakaian,132000
2023-09-03,Buku,390000
2023-09-03,Rumah Tangga,304000
2023-09-03,Olahraga,1511000
2023-09-04,Buku,1445000
2023-09-04,Elektronik,563000
2023-09-04,Rumah Tangga,370000
2023-09-04,Minuman,180000
2023-09-04,Minuman,266000
2023-09-05,Pakaian,1344000
2023-09-05,Minuman,1115000
2023-09-05,Olahraga,1752000
2023-09-05,Makanan,109000
2023-09-05,Buku,425000
2023-09-05,Olahraga,1769000
2023-09-05,Elektronik,1652000
2023-09-05,Rumah Tangga,678000
2023-09-05,Buku,1476000
2023-09-05,Rumah Tangga,367000
2023-09-06,Buku,1182000
2023-09-06,Olahraga,1074000
2023-09-06,Olahraga,1450000
2023-09-07,Minuman,1384000
2023-09-07,Olahraga,794000
2023-09-07,Minuman,512000
2023-09-07,Elektronik,480000
2023-09-07,Elektronik,182000
2023-09-07,Makanan,471000
2023-09-07,Pakaian,827000
2023-09-07,Rumah Tangga,1195000
2023-09-07,Elektronik,1638000
2023-09-08,Makanan,698000
2023-09-08,Rumah Tangga,376000
2023-09-08,Pakaian,897000
2023-09-08,Minuman,679000
2023-09-08,Minuman,1056000
2023-09-08,Makanan,1359000
2023-09-09,Pakaian,889000
2023-09-09,Elektronik,845000
2023-09-09,Elektronik,1915000
2023-09-09,Buku,96000
2023-09-09,Olahraga,1199000
2023-09-09,Buku,386000
2023-09-09,Minuman,1136000
2023-09-09,Minuman,1020000
2023-09-09,Pakaian,340000
2023-09-09,Minuman,1137000
2023-09-10,Olahraga,1370000
2023-09-10,Rumah Tangga,1035000
2023-09-10,Buku,993000
2023-09-10,Rumah Tangga,1784000
2023-09-10,Pakaian,1108000
2023-09-10,Makanan,315000
2023-09-10,Rumah Tangga,508000
2023-09-10,Olahraga,1400000
2023-09-10,Buku,348000
2023-09-10,Makanan,942000
2023-09-11,Minuman,464000
2023-09-11,Buku,298000
2023-09-11,Olahraga,414000
2023-09-11,Olahraga,1955000
2023-09-11,Elektronik,785000
2023-09-11,Olahraga,263000
2023-09-11,Elektronik,176000
2023-09-11,Buku,534000
2023-09-12,Buku,1671000
2023-09-12,Makanan,1090000
2023-09-12,Olahraga,1305000
2023-09-12,Minuman,724000
2023-09-12,Minuman,164000
2023-09-12,Minuman,1725000
2023-09-12,Pakaian,478000
2023-09-13,Makanan,1569000
2023-09-13,Rumah Tangga,1714000
2023-09-13,Rumah Tangga,361000
2023-09-13,Olahraga,1412000
2023-09-13,Olahraga,1958000
2023-09-13,Elektronik,1891000
2023-09-13,Olahraga,1901000
2023-09-13,Makanan,1663000
2023-09-13,Minuman,202000
2023-09-14,Rumah Tangga,95000
2023-09-14,Olahraga,259000
2023-09-14,Makanan,1247000
2023-09-14,Makanan,935000
2023-09-15,Makanan,768000
2023-09-15,Pakaian,470000
2023-09-15,Pakaian,473000
2023-09-16,Minuman,213000
2023-09-16,Makanan,1215000
2023-09-16,Minuman,1585000
2023-09-17,Elektronik,365000
2023-09-17,Olahraga,1635000
2023-09-17,Minuman,1203000
2023-09-17,Minuman,856000
2023-09-17,Olahraga,728000
2023-09-18,Elektronik,925000
2023-09-18,Makanan,941000
2023-09-18,Olahraga,246000
2023-09-18,Rumah Tangga,1746000
2023-09-18,Makanan,609000
2023-09-18,Elektronik,640000
2023-09-19,Elektronik,139000
2023-09-19,Pakaian,910000
2023-09-19,Olahraga,1954000
2023-09-20,Rumah Tangga,598000
2023-09-20,Minuman,1264000
2023-09-20,Makanan,1971000
2023-09-20,Minuman,100000
2023-09-20,Rumah Tangga,617000
2023-09-20,Olahraga,1986000
2023-09-20,Pakaian,1782000
2023-09-20,Olahraga,83000
2023-09-21,Olahraga,1976000
2023-09-21,Makanan,499000
2023-09-21,Pakaian,1391000
2023-09-21,Pakaian,577000
2023-09-22,Minuman,1174000
2023-09-22,Buku,104000
2023-09-22,Olahraga,1550000
2023-09-22,Rumah Tangga,1768000
2023-09-22,Pakaian,76000
2023-09-22,Pakaian,847000
2023-09-23,Pakaian,1864000
2023-09-23,Buku,813000
2023-09-23,Pakaian,180000
2023-09-24,Minuman,1784000
2023-09-24,Olahraga,1311000
2023-09-24,Olahraga,1905000
2023-09-24,Rumah Tangga,903000
2023-09-24,Minuman,1215000
2023-09-24,Pakaian,1905000
2023-09-25,Pakaian,730000
2023-09-25,Olahraga,550000
2023-09-25,Buku,189000
2023-09-25,Elektronik,165000
2023-09-25,Pakaian,413000
2023-09-25,Pakaian,1997000
2023-09-25,Makanan,1888000
2023-09-25,Olahraga,365000
2023-09-25,Makanan,1720000
2023-09-26,Buku,1921000
2023-09-26,Minuman,1598000
2023-09-26,Minuman,1804000
2023-09-26,Elektronik,1154000
2023-09-27,Makanan,1491000
2023-09-27,Makanan,1059000
2023-09-27,Elektronik,143000
2023-09-27,Minuman,1981000
2023-09-27,Rumah Tangga,934000
2023-09-27,Rumah Tangga,1779000
2023-09-27,Rumah Tangga,1038000
2023-09-28,Elektronik,119000
2023-09-28,Buku,776000
2023-09-28,Rumah Tangga,1481000
2023-09-28,Olahraga,1124000
2023-09-28,Olahraga,87000
2023-09-28,Elektronik,1651000
2023-09-28,Pakaian,1245000
2023-09-29,Olahraga,272000
2023-09-29,Minuman,161000
2023-09-29,Rumah Tangga,1234000
2023-09-29,Pakaian,1600000
2023-09-29,Elektronik,1658000
2023-09-29,Makanan,547000
2023-09-29,Makanan,1343000
2023-09-29,Rumah Tangga,403000
2023-09-30,Makanan,434000
2023-09-30,Pakaian,594000
2023-09-30,Rumah Tangga,102000
2023-09-30,Minuman,1999000
2023-09-30,Buku,1247000
2023-09-30,Makanan,1186000
2023-09-30,Makanan,1424000
2023-09-30,Makanan,1184000
2023-09-30,Rumah Tangga,1161000
2023-09-30,Makanan,104000
2023-10-01,Makanan,1117000
2023-10-01,Elektronik,1560000
2023-10-01,Makanan,496000
2023-10-01,Minuman,292000
2023-10-01,Buku,524000
2023-10-01,Makanan,230000
2023-10-01,Buku,459000
2023-10-01,Buku,1078000
2023-10-01,Elektronik,1667000
2023-10-02,Pakaian,342000
2023-10-02,Rumah Tangga,1801000
2023-10-02,Minuman,998000
2023-10-02,Buku,446000
2023-10-02,Buku,689000
2023-10-02,Olahraga,274000
2023-10-02,Elektronik,1534000
2023-10-03,Makanan,582000
2023-10-03,Makanan,1622000
2023-10-03,Makanan,195000
2023-10-03,Minuman,1699000
2023-10-03,Buku,738000
2023-10-04,Makanan,985000
2023-10-04,Minuman,306000
2023-10-04,Minuman,1819000
2023-10-04,Rumah Tangga,911000
2023-10-04,Rumah Tangga,773000
2023-10-04,Makanan,803000
2023-10-04,Buku,811000
2023-10-05,Olahraga,176000
2023-10-05,Pakaian,1933000
2023-10-05,Elektronik,1971000
2023-10-05,Rumah Tangga,1754000
2023-10-06,Elektronik,1540000
2023-10-06,Olahraga,531000
2023-10-06,Buku,670000
2023-10-06,Olahraga,1147000
2023-10-07,Rumah Tangga,1415000
2023-10-07,Minuman,1710000
2023-10-07,Elektronik,930000
2023-10-07,Pakaian,214000
2023-10-07,Makanan,1703000
2023-10-07,Pakaian,321000
2023-10-07,Rumah Tangga,96000
2023-10-07,Makanan,658000
2023-10-07,Olahraga,141000
2023-10-08,Makanan,876000
2023-10-08,Elektronik,111000
2023-10-08,Pakaian,94000
2023-10-08,Olahraga,754000
2023-10-08,Buku,1614000
2023-10-09,Makanan,1760000
2023-10-09,Elektronik,328000
2023-10-09,Makanan,904000
2023-10-09,Elektronik,1283000
2023-10-09,Elektronik,679000
2023-10-09,Buku,688000
2023-10-09,Makanan,455000
2023-10-09,Pakaian,1611000
2023-10-09,Elektronik,963000
2023-10-09,Olahraga,425000
2023-10-10,Elektronik,146000
2023-10-10,Olahraga,1849000
2023-10-10,Minuman,425000
2023-10-11,Rumah Tangga,936000
2023-10-11,Makanan,1959000
2023-10-11,Makanan,1546000
2023-10-11,Buku,444000
2023-10-11,Minuman,1934000
2023-10-11,Rumah Tangga,156000
2023-10-12,Rumah Tangga,363000
2023-10-12,Minuman,514000
2023-10-12,Pakaian,1780000
2023-10-12,Rumah Tangga,174000
2023-10-12,Makanan,246000
2023-10-12,Olahraga,1721000
2023-10-12,Rumah Tangga,265000
2023-10-12,Elektronik,965000
2023-10-12,Olahraga,1253000
2023-10-13,Buku,819000
2023-10-13,Minuman,1044000
2023-10-13,Rumah Tangga,1483000
2023-10-13,Buku,1815000
2023-10-13,Olahraga,1731000
2023-10-13,Rumah Tangga,379000
2023-10-14,Minuman,1254000
2023-10-14,Olahraga,67000
2023-10-14,Minuman,1807000
2023-10-15,Olahraga,211000
2023-10-15,Buku,630000
2023-10-15,Makanan,196000
2023-10-15,Olahraga,811000
2023-10-15,Buku,382000
2023-10-16,Minuman,436000
2023-10-16,Pakaian,1102000
2023-10-16,Elektronik,1005000
2023-10-16,Olahraga,376000
2023-10-16,Makanan,200000
2023-10-16,Minuman,1334000
2023-10-16,Pakaian,975000
2023-10-16,Elektronik,1947000
2023-10-16,Pakaian,1957000
2023-10-16,Rumah Tangga,1093000
2023-10-17,Olahraga,1692000
2023-10-17,Makanan,552000
2023-10-17,Rumah Tangga,1720000
2023-10-18,Olahraga,1257000
2023-10-18,Makanan,1975000
2023-10-18,Rumah Tangga,623000
2023-10-18,Elektronik,702000
2023-10-18,Rumah Tangga,1871000
2023-10-18,Rumah Tangga,415000
2023-10-18,Elektronik,722000
2023-10-18,Buku,1239000
2023-10-19,Olahraga,66000
2023-10-19,Olahraga,1160000
2023-10-19,Pakaian,1478000
2023-10-19,Rumah Tangga,264000
2023-10-19,Makanan,543000
2023-10-19,Makanan,1811000
2023-10-20,Elektronik,1507000
2023-10-20,Makanan,1878000
2023-10-20,Olahraga,1601000
2023-10-20,Rumah Tangga,946000
2023-10-20,Minuman,1522000
2023-10-20,Minuman,178000
2023-10-20,Elektronik,1788000
2023-10-20,Olahraga,898000
2023-10-20,Olahraga,1012000
2023-10-21,Makanan,1245000
2023-10-21,Makanan,1046000
2023-10-21,Rumah Tangga,1720000
2023-10-21,Elektronik,281000
2023-10-21,Minuman,1450000
2023-10-21,Olahraga,1476000
2023-10-21,Makanan,723000
2023-10-21,Buku,122000
2023-10-21,Buku,391000
2023-10-22,Minuman,1300000
2023-10-22,Rumah Tangga,297000
2023-10-22,Olahraga,1336000
2023-10-22,Olahraga,1053000
2023-10-22,Makanan,334000
2023-10-22,Pakaian,402000
2023-10-22,Minuman,690000
2023-10-22,Olahraga,963000
2023-10-23,Buku,319000
2023-10-23,Minuman,830000
2023-10-23,Elektronik,564000
2023-10-23,Elektronik,1743000
2023-10-23,Rumah Tangga,1926000
2023-10-24,Buku,162000
2023-10-24,Minuman,1015000
2023-10-24,Minuman,1840000
2023-10-24,Makanan,1363000
2023-10-25,Pakaian,1195000
2023-10-25,Minuman,84000
2023-10-25,Buku,1771000
2023-10-25,Elektronik,912000
2023-10-25,Elektronik,1129000
2023-10-25,Buku,887000
2023-10-25,Elektronik,1492000
2023-10-25,Rumah Tangga,862000
2023-10-25,Buku,146000
2023-10-26,Buku,1456000
2023-10-26,Olahraga,1423000
2023-10-26,Buku,993000
2023-10-26,Makanan,367000
2023-10-26,Olahraga,731000
2023-10-26,Elektronik,1356000
2023-10-26,Makanan,1030000
2023-10-27,Elektronik,1142000
2023-10-27,Minuman,281000
2023-10-27,Buku,203000
2023-10-27,Elektronik,1067000
2023-10-28,Minuman,555000
2023-10-28,Olahraga,1704000
2023-10-28,Elektronik,1378000
2023-10-28,Buku,1519000
2023-10-28,Makanan,1967000
2023-10-28,Buku,1110000
2023-10-28,Rumah Tangga,1575000
2023-10-29,Buku,1467000
2023-10-29,Rumah Tangga,1022000
2023-10-29,Buku,1198000
2023-10-29,Makanan,1626000
2023-10-29,Olahraga,1528000
2023-10-29,Makanan,1427000
2023-10-29,Minuman,439000
2023-10-29,Pakaian,512000
2023-10-30,Rumah Tangga,644000
2023-10-30,Rumah Tangga,1241000
2023-10-30,Minuman,1585000
2023-10-30,Pakaian,462000
2023-10-31,Minuman,739000
2023-10-31,Makanan,1358000
2023-10-31,Elektronik,951000
2023-10-31,Elektronik,1495000
2023-10-31,Buku,1787000
2023-10-31,Rumah Tangga,172000
2023-10-31,Rumah Tangga,1278000
2023-10-31,Elektronik,378000
2023-10-31,Olahraga,1060000
2023-11-01,Olahraga,274000
2023-11-01,Buku,189000
2023-11-01,Minuman,1804000
2023-11-01,Pakaian,867000
2023-11-01,Makanan,1351000
2023-11-01,Elektronik,203000
2023-11-01,Elektronik,1450000
2023-11-01,Olahraga,1003000
2023-11-02,Makanan,1766000
2023-11-02,Elektronik,1653000
2023-11-02,Olahraga,1154000
2023-11-02,Rumah Tangga,319000
2023-11-02,Buku,420000
2023-11-02,Minuman,1512000
2023-11-03,Elektronik,712000
2023-11-03,Rumah Tangga,473000
2023-11-03,Pakaian,155000
2023-11-03,Rumah Tangga,1137000
2023-11-03,Makanan,1415000
2023-11-04,Rumah Tangga,1517000
2023-11-04,Olahraga,284000
2023-11-04,Makanan,1015000
2023-11-04,Olahraga,1306000
2023-11-04,Rumah Tangga,806000
2023-11-04,Rumah Tangga,581000
2023-11-05,Rumah Tangga,1387000
2023-11-05,Olahraga,1763000
2023-11-05,Olahraga,1309000
2023-11-05,Rumah Tangga,1929000
2023-11-05,Rumah Tangga,1213000
2023-11-05,Minuman,847000
2023-11-05,Elektronik,1666000
2023-11-05,Olahraga,1780000
2023-11-05,Buku,1942000
2023-11-05,Elektronik,1703000
2023-11-06,Minuman,541000
2023-11-06,Elektronik,1336000
2023-11-06,Pakaian,305000
2023-11-06,Buku,1574000
2023-11-06,Makanan,776000
2023-11-06,Makanan,76000
2023-11-06,Olahraga,1764000
2023-11-06,Pakaian,541000
2023-11-06,Olahraga,1550000
2023-11-07,Pakaian,1655000
2023-11-07,Elektronik,1082000
2023-11-07,Elektronik,1682000
2023-11-07,Olahraga,1262000
2023-11-07,Makanan,1725000
2023-11-07,Olahraga,1404000
2023-11-07,Elektronik,578000
2023-11-07,Makanan,581000
2023-11-07,Buku,440000
2023-11-08,Makanan,293000
2023-11-08,Elektronik,499000
2023-11-08,Pakaian,1388000
2023-11-08,Rumah Tangga,1434000
2023-11-08,Minuman,1959000
2023-11-08,Buku,1152000
2023-11-08,Makanan,1025000
2023-11-09,Minuman,1362000
2023-11-09,Buku,771000
2023-11-09,Pakaian,633000
2023-11-09,Olahraga,1977000
2023-11-09,Rumah Tangga,730000
2023-11-09,Buku,723000
2023-11-10,Elektronik,607000
2023-11-10,Pakaian,1655000
2023-11-10,Elektronik,684000
2023-11-10,Rumah Tangga,1011000
2023-11-10,Minuman,1734000
2023-11-10,Makanan,1373000
2023-11-10,Rumah Tangga,1764000
2023-11-10,Pakaian,1294000
2023-11-10,Pakaian,1259000
2023-11-10,Olahraga,382000
2023-11-11,Olahraga,1468000
2023-11-11,Buku,875000
2023-11-11,Rumah Tangga,597000
2023-11-11,Pakaian,375000
2023-11-11,Pakaian,1860000
2023-11-12,Buku,1148000
2023-11-12,Olahraga,1763000
2023-11-12,Minuman,751000
2023-11-12,Pakaian,698000
2023-11-13,Pakaian,1558000
2023-11-13,Elektronik,1225000
2023-11-13,Pakaian,1615000
2023-11-13,Buku,832000
2023-11-13,Minuman,1808000
2023-11-13,Pakaian,1855000
2023-11-13,Buku,64000
2023-11-13,Buku,426000
2023-11-14,Elektronik,561000
2023-11-14,Buku,1358000
2023-11-14,Buku,1774000
2023-11-14,Minuman,1387000
2023-11-14,Rumah Tangga,603000
2023-11-14,Pakaian,725000
2023-11-14,Elektronik,846000
2023-11-15,Rumah Tangga,1409000
2023-11-15,Minuman,1913000
2023-11-15,Makanan,444000
2023-11-15,Buku,1683000
2023-11-15,Elektronik,1907000
2023-11-16,Elektronik,1929000
2023-11-16,Olahraga,1952000
2023-11-16,Pakaian,1790000
2023-11-16,Pakaian,525000
2023-11-16,Makanan,402000
2023-11-16,Pakaian,1248000
2023-11-16,Elektronik,410000
2023-11-17,Elektronik,499000
2023-11-17,Buku,1446000
2023-11-17,Olahraga,834000
2023-11-17,Makanan,1719000
2023-11-17,Makanan,275000
2023-11-17,Elektronik,576000
2023-11-17,Elektronik,482000
2023-11-18,Makanan,1355000
2023-11-18,Olahraga,1319000
2023-11-18,Elektronik,1474000
2023-11-19,Pakaian,1719000
2023-11-19,Makanan,482000
2023-11-19,Olahraga,762000
2023-11-19,Makanan,1344000
2023-11-19,Minuman,1888000
2023-11-19,Buku,1135000
2023-11-19,Pakaian,524000
2023-11-19,Rumah Tangga,1320000
2023-11-19,Makanan,1388000
2023-11-19,Elektronik,1353000
2023-11-20,Rumah Tangga,1912000
2023-11-20,Minuman,1199000
2023-11-20,Pakaian,699000
2023-11-21,Elektronik,948000
2023-11-21,Minuman,816000
2023-11-21,Elektronik,1638000
2023-11-21,Buku,206000
2023-11-21,Makanan,614000
2023-11-21,Elektronik,1183000
2023-11-21,Buku,264000
2023-11-21,Pakaian,850000
2023-11-21,Minuman,428000
2023-11-22,Pakaian,678000
2023-11-22,Makanan,97000
2023-11-22,Makanan,459000
2023-11-23,Buku,1720000
2023-11-23,Rumah Tangga,330000
2023-11-23,Elektronik,1080000
2023-11-24,Pakaian,1877000
2023-11-24,Buku,1854000
2023-11-24,Minuman,660000
2023-11-25,Olahraga,1824000
2023-11-25,Makanan,911000
2023-11-25,Elektronik,156000
2023-11-25,Makanan,1648000
2023-11-25,Elektronik,473000
2023-11-25,Rumah Tangga,1981000
2023-11-25,Elektronik,1108000
2023-11-25,Rumah Tangga,1877000
2023-11-26,Minuman,1492000
2023-11-26,Olahraga,1997000
2023-11-26,Rumah Tangga,1062000
2023-11-27,Pakaian,1213000
2023-11-27,Buku,779000
2023-11-27,Olahraga,1823000
2023-11-27,Elektronik,1260000
2023-11-28,Pakaian,1517000
2023-11-28,Elektronik,1485000
2023-11-28,Buku,1344000
2023-11-28,Minuman,690000
2023-11-28,Buku,1617000
2023-11-28,Rumah Tangga,1302000
2023-11-29,Makanan,495000
2023-11-29,Minuman,1592000
2023-11-29,Rumah Tangga,377000
2023-11-29,Olahraga,1465000
2023-11-29,Makanan,1272000
2023-11-30,Elektronik,1888000
2023-11-30,Olahraga,1694000
2023-11-30,Olahraga,792000
2023-11-30,Buku,1097000
2023-11-30,Buku,723000
2023-11-30,Pakaian,643000
2023-11-30,Minuman,489000
2023-11-30,Olahraga,696000
2023-11-30,Elektronik,1809000
2023-12-01,Olahraga,213000
2023-12-01,Makanan,1917000
2023-12-01,Pakaian,638000
2023-12-01,Minuman,1359000
2023-12-01,Olahraga,1997000
2023-12-01,Buku,465000
2023-12-01,Makanan,1490000
2023-12-01,Olahraga,1598000
2023-12-02,Buku,1580000
2023-12-02,Makanan,876000
2023-12-02,Makanan,232000
2023-12-02,Minuman,1816000
2023-12-02,Rumah Tangga,1052000
2023-12-02,Makanan,483000
2023-12-03,Makanan,247000
2023-12-03,Buku,790000
2023-12-03,Rumah Tangga,1467000
2023-12-03,Rumah Tangga,1993000
2023-12-03,Buku,1888000
2023-12-03,Elektronik,473000
2023-12-03,Pakaian,1925000
2023-12-03,Buku,794000
2023-12-04,Elektronik,363000
2023-12-04,Rumah Tangga,504000
2023-12-04,Elektronik,806000
2023-12-04,Buku,162000
2023-12-05,Pakaian,933000
2023-12-05,Rumah Tangga,1008000
2023-12-05,Buku,965000
2023-12-05,Pakaian,1147000
2023-12-06,Olahraga,1615000
2023-12-06,Minuman,428000
2023-12-06,Pakaian,670000
2023-12-06,Elektronik,170000
2023-12-06,Olahraga,1477000
2023-12-06,Elektronik,1744000
2023-12-07,Elektronik,443000
2023-12-07,Olahraga,942000
2023-12-07,Rumah Tangga,647000
2023-12-07,Makanan,855000
2023-12-08,Olahraga,1058000
2023-12-08,Pakaian,894000
2023-12-08,Buku,1094000
2023-12-08,Buku,1457000
2023-12-08,Rumah Tangga,352000
2023-12-09,Pakaian,561000
2023-12-09,Makanan,1672000
2023-12-09,Makanan,620000
2023-12-09,Makanan,866000
2023-12-09,Olahraga,1101000
2023-12-09,Makanan,1366000
2023-12-09,Elektronik,1286000
2023-12-09,Buku,265000
2023-12-10,Rumah Tangga,888000
2023-12-10,Rumah Tangga,1074000
2023-12-10,Minuman,1990000
2023-12-10,Elektronik,509000
2023-12-10,Pakaian,1058000
2023-12-10,Olahraga,1131000
2023-12-10,Rumah Tangga,1060000
2023-12-10,Pakaian,730000
2023-12-11,Elektronik,50000
2023-12-11,Makanan,1859000
2023-12-11,Buku,85000
2023-12-11,Makanan,783000
2023-12-12,Rumah Tangga,668000
2023-12-12,Minuman,316000
2023-12-12,Rumah Tangga,992000
2023-12-12,Elektronik,59000
2023-12-12,Buku,1503000
2023-12-13,Elektronik,1032000
2023-12-13,Olahraga,830000
2023-12-13,Minuman,250000
2023-12-13,Makanan,703000
2023-12-13,Pakaian,1784000
2023-12-13,Rumah Tangga,1262000
2023-12-14,Rumah Tangga,824000
2023-12-14,Makanan,1150000
2023-12-14,Olahraga,234000
2023-12-14,Minuman,160000
2023-12-14,Makanan,1061000
2023-12-14,Olahraga,1344000
2023-12-15,Olahraga,835000
2023-12-15,Makanan,539000
2023-12-15,Makanan,1137000
2023-12-15,Buku,1961000
2023-12-15,Elektronik,436000
2023-12-15,Makanan,1946000
2023-12-15,Rumah Tangga,85000
2023-12-15,Makanan,804000
2023-12-15,Pakaian,1547000
2023-12-15,Elektronik,766000
2023-12-16,Minuman,1645000
2023-12-16,Olahraga,1145000
2023-12-16,Pakaian,1665000
2023-12-16,Rumah Tangga,978000
2023-12-16,Rumah Tangga,1882000
2023-12-16,Elektronik,859000
2023-12-16,Minuman,432000
2023-12-16,Makanan,1203000
2023-12-16,Pakaian,674000
2023-12-17,Rumah Tangga,741000
2023-12-17,Olahraga,501000
2023-12-17,Olahraga,1876000
2023-12-17,Minuman,458000
2023-12-17,Olahraga,185000
2023-12-17,Olahraga,1389000
2023-12-18,Makanan,108000
2023-12-18,Buku,749000
2023-12-18,Makanan,279000
2023-12-18,Rumah Tangga,1090000
2023-12-18,Buku,1111000
2023-12-18,Elektronik,1720000
2023-12-18,Elektronik,1784000
2023-12-18,Olahraga,487000
2023-12-18,Olahraga,975000
2023-12-18,Rumah Tangga,593000
2023-12-19,Minuman,1207000
2023-12-19,Makanan,1703000
2023-12-19,Minuman,462000
2023-12-19,Olahraga,1312000
2023-12-19,Minuman,763000
2023-12-19,Elektronik,622000
2023-12-19,Olahraga,1877000
2023-12-19,Buku,420000
2023-12-19,Makanan,658000
2023-12-20,Pakaian,192000
2023-12-20,Olahraga,1855000
2023-12-20,Pakaian,900000
2023-12-20,Buku,1527000
2023-12-20,Makanan,546000
2023-12-20,Buku,116000
2023-12-20,Olahraga,209000
2023-12-20,Elektronik,110000
2023-12-20,Buku,257000
2023-12-21,Rumah Tangga,1882000
2023-12-21,Makanan,104000
2023-12-21,Pakaian,112000
2023-12-21,Elektronik,1641000
2023-12-21,Pakaian,543000
2023-12-22,Elektronik,1243000
2023-12-22,Makanan,1525000
2023-12-22,Makanan,1347000
2023-12-22,Elektronik,1297000
2023-12-23,Makanan,1751000
2023-12-23,Olahraga,712000
2023-12-23,Makanan,914000
2023-12-23,Makanan,1611000
2023-12-23,Makanan,823000
2023-12-23,Buku,1154000
2023-12-23,Olahraga,1192000
2023-12-23,Buku,60000
2023-12-23,Olahraga,602000
2023-12-24,Rumah Tangga,699000
2023-12-24,Pakaian,1896000
2023-12-24,Pakaian,1451000
2023-12-24,Minuman,1253000
2023-12-24,Buku,1395000
2023-12-24,Rumah Tangga,1229000
2023-12-24,Makanan,659000
2023-12-24,Rumah Tangga,581000
2023-12-24,Buku,1249000
2023-12-24,Buku,1360000
2023-12-25,Makanan,247000
2023-12-25,Pakaian,635000
2023-12-25,Pakaian,90000
2023-12-25,Pakaian,1953000
2023-12-25,Elektronik,1521000
2023-12-25,Rumah Tangga,1507000
2023-12-25,Elektronik,707000
2023-12-25,Elektronik,1231000
2023-12-26,Rumah Tangga,1426000
2023-12-26,Olahraga,1110000
2023-12-26,Rumah Tangga,339000
2023-12-26,Elektronik,1148000
2023-12-27,Elektronik,120000
2023-12-27,Elektronik,1597000
2023-12-27,Pakaian,829000
2023-12-27,Buku,1317000
2023-12-27,Pakaian,1607000
2023-12-27,Elektronik,1692000
2023-12-27,Minuman,1755000
2023-12-27,Buku,1004000
2023-12-27,Makanan,975000
2023-12-28,Makanan,1647000
2023-12-28,Buku,1866000
2023-12-28,Elektronik,330000
2023-12-29,Minuman,1206000
2023-12-29,Olahraga,1303000
2023-12-29,Minuman,1866000
2023-12-29,Olahraga,131000
2023-12-29,Elektronik,1561000
2023-12-29,Buku,1747000
2023-12-29,Buku,392000
2023-12-29,Elektronik,292000
2023-12-30,Rumah Tangga,382000
2023-12-30,Minuman,496000
2023-12-30,Buku,1079000
2023-12-31,Rumah Tangga,697000
2023-12-31,Makanan,1119000
2023-12-31,Minuman,303000
2023-12-31,Elektronik,775000
2023-12-31,Olahraga,269000
2023-12-31,Pakaian,508000
2023-12-31,Elektronik,1012000
2023-12-31,Minuman,911000
2023-12-31,Pakaian,1563000
2023-12-31,Buku,968000
